test_price,total_gex
1.681,-76846482.8241235
1.686,-76664353.01838818
1.691,-76433804.30195652
1.696,-76154520.16433975
1.701,-75826787.9603167
1.706,-75451582.47498587
1.711,-75029889.1051661
1.716,-74590462.32114722
1.721,-74124180.07388937
1.726,-73607548.05880691
1.731,-73039966.37353128
1.736,-72422529.3263744
1.741,-71755359.60106495
1.746,-71038074.6180206
1.751,-70269987.5821303
1.756,-69466435.26210587
1.761,-68619870.17498547
1.766,-67717632.31094016
1.771,-66756887.62336051
1.776,-65735513.04104107
1.781,-64654838.804803
1.786,-63519013.35563623
1.791,-62331318.181453936
1.796,-61101590.4598842
1.801,-59831562.02463409
1.806,-58522302.72303091
1.811,-57178291.52417679
1.816,-55804209.94393996
1.821,-54404090.909945786
1.826,-52980752.81911014
1.831,-51537967.753865466
1.836,-50084243.01495502
1.841,-48620378.875140674
1.846,-47146591.375812426
1.851,-45664711.65525616
1.856,-44176141.04584489
1.861,-42681467.46966743
1.866,-41180936.663285
1.871,-39674668.57422099
1.876,-38162369.14400202
1.881,-36644128.04631845
1.886,-35120126.16547323
1.891,-33588320.44765251
1.896,-32046408.04402747
1.901,-30492683.75454757
1.906,-28925993.671858046
1.911,-27345397.92108688
1.916,-25749682.464092843
1.921,-24137452.58391594
1.926,-22507898.899042014
1.931,-20862021.06757896
1.936,-19202042.138979897
1.941,-17528992.778178945
1.946,-15843779.134673294
1.951,-14147580.436245715
1.956,-12442241.02714034
1.961,-10730391.483212251
1.966,-9014878.278669555
1.971,-7297935.471346089
1.976,-5580973.687694507
1.981,-3865870.7732118242
1.986,-2153804.0799081717
1.991,-443337.5060677824
1.996,1266860.0717963108
2.001,2977808.356641604
2.006,4690364.936970981
2.011,6405078.668851081
2.016,8121640.958082719
2.021,9839146.265023952
2.026,11557099.302806312
2.031,13274164.209255654
2.036,14988925.2704145
2.041,16701193.638266271
2.046,18410729.656261187
2.051,20116720.62907114
2.056,21818308.93396165
2.061,23514419.46557104
2.066,25204044.04057106
2.071,26885723.102311645
2.076,28557490.035483908
2.081,30217126.127352513
2.086,31861349.920957513
2.091,33487838.686358303
2.096,35094399.43148003
2.101,36678947.36332906
2.106,38239551.04328965
2.111,39774474.730264015
2.116,41282095.77277126
2.121,42760948.2230236
2.126,44209814.76946285
2.131,45627831.58636446
2.136,47014384.80043078
2.141,48368723.567385286
2.146,49689970.31824762
2.151,50977142.86771977
2.156,52229208.91679263
2.161,53445147.14603568
2.166,54624003.789778225
2.171,55764935.11903961
2.176,56867227.977259696
2.181,57930350.82827802
2.186,58954689.30349539
2.191,59941148.78822162
2.196,60890446.034332246
2.201,61803134.74808056
2.206,62679671.94512742
2.211,63520491.12727473
2.216,64326068.54149978
2.221,65096970.9578133
2.226,65833875.720572576
2.231,66537553.651605174
2.236,67207691.62621823
2.241,67841722.23966923
2.246,68436133.41269025
2.251,68987757.1603038
2.256,69493911.05578718
2.261,69952384.18754296
2.266,70361608.69378112
2.271,70720743.67113383
2.276,71029708.46781969
2.281,71289142.55824916
2.286,71500893.59058061
2.291,71668708.94466893
2.296,71798425.73058665
2.301,71893754.78043579
