date,ETF_close,thscode,oi,d_oi,settle,iv,delta,gamma,theta,vega,rho,delta_exchg,gamma_exchg,theta_exchg,vega_exchg,rho_exchg,name,hv30,hv60,hv90,mul,DTE_n,DTE_t
2026-06-23,2.023,10011735.SH,7783.0,-41.0,0.323,0.548,0.8678,0.6816,-0.4254,0.1227,0.116,1.0,0.0,-0.05,0.0,0.135,科创50购7月1700,49.125229035471,43.793348514378,40.026575892286,10000.0,30,22
2026-06-23,2.023,10011736.SH,9464.0,99.0,0.2749,0.4931,0.8458,0.8405,-0.4248,0.1361,0.1164,1.0,0.0,-0.051,0.0,0.139,科创50购7月1750,49.125229035471,43.793348514378,40.026575892286,10000.0,30,22
2026-06-23,2.023,10011737.SH,14090.0,-842.0,0.2375,0.5029,0.7899,1.0004,-0.5211,0.1652,0.1103,0.898,0.903,-0.268,0.102,0.125,科创50购7月1800,49.125229035471,43.793348514378,40.026575892286,10000.0,30,22
2026-06-23,2.023,10011738.SH,15664.0,273.0,0.203,0.5091,0.7291,1.1352,-0.6024,0.1898,0.1031,0.809,1.2,-0.43,0.155,0.114,科创50购7月1850,49.125229035471,43.793348514378,40.026575892286,10000.0,30,22
2026-06-23,2.023,10011739.SH,17771.0,429.0,0.1707,0.5087,0.6655,1.2489,-0.6592,0.2086,0.0953,0.728,1.38,-0.541,0.189,0.103,科创50购7月1900,49.125229035471,43.793348514378,40.026575892286,10000.0,30,22
2026-06-23,2.023,10011740.SH,24080.0,3661.0,0.1432,0.5145,0.5981,1.312,-0.7061,0.2217,0.0865,0.646,1.469,-0.627,0.212,0.093,科创50购7月1950,49.125229035471,43.793348514378,40.026575892286,10000.0,30,22
2026-06-23,2.023,10011741.SH,51447.0,17279.0,0.1199,0.5231,0.5311,1.3267,-0.7363,0.2279,0.0774,0.568,1.486,-0.685,0.224,0.082,科创50购7月2000,49.125229035471,43.793348514378,40.026575892286,10000.0,30,22
2026-06-23,2.023,10011742.SH,45341.0,13694.0,0.098,0.5232,0.4655,1.3257,-0.7346,0.2278,0.0684,0.494,1.482,-0.702,0.227,0.072,科创50购7月2050,49.125229035471,43.793348514378,40.026575892286,10000.0,30,22
2026-06-23,2.023,10011743.SH,38935.0,7659.0,0.0797,0.5252,0.4029,1.2859,-0.7172,0.2218,0.0596,0.424,1.429,-0.699,0.223,0.062,科创50购7月2100,49.125229035471,43.793348514378,40.026575892286,10000.0,30,22
2026-06-23,2.023,10011744.SH,38860.0,2724.0,0.0282,0.5934,-0.1485,0.681,-0.4752,0.1327,-0.0267,-0.139,0.619,-0.492,0.127,-0.025,科创50沽7月1700,49.125229035471,43.793348514378,40.026575892286,10000.0,30,22
2026-06-23,2.023,10011745.SH,31977.0,-1139.0,0.0373,0.5825,-0.1879,0.8073,-0.5425,0.1544,-0.0339,-0.176,0.732,-0.566,0.148,-0.031,科创50沽7月1750,49.125229035471,43.793348514378,40.026575892286,10000.0,30,22
2026-06-23,2.023,10011746.SH,45015.0,3123.0,0.0499,0.5794,-0.2358,0.9272,-0.6157,0.1764,-0.0428,-0.221,0.839,-0.647,0.169,-0.039,科创50沽7月1800,49.125229035471,43.793348514378,40.026575892286,10000.0,30,22
2026-06-23,2.023,10011747.SH,31321.0,147.0,0.0645,0.5726,-0.2878,1.0396,-0.6734,0.1955,-0.0526,-0.27,0.938,-0.715,0.188,-0.048,科创50沽7月1850,49.125229035471,43.793348514378,40.026575892286,10000.0,30,22
2026-06-23,2.023,10011748.SH,35725.0,7141.0,0.0835,0.5734,-0.3457,1.1222,-0.728,0.2113,-0.0637,-0.323,1.011,-0.781,0.205,-0.059,科创50沽7月1900,49.125229035471,43.793348514378,40.026575892286,10000.0,30,22
2026-06-23,2.023,10011749.SH,25171.0,6560.0,0.1043,0.5682,-0.4053,1.1904,-0.7573,0.2222,-0.0752,-0.378,1.07,-0.824,0.217,-0.069,科创50沽7月1950,49.125229035471,43.793348514378,40.026575892286,10000.0,30,22
2026-06-23,2.023,10011750.SH,46337.0,21793.0,0.1293,0.5682,-0.4665,1.2208,-0.7751,0.2278,-0.0873,-0.434,1.099,-0.857,0.224,-0.08,科创50沽7月2000,49.125229035471,43.793348514378,40.026575892286,10000.0,30,22
2026-06-23,2.023,10011751.SH,25673.0,13905.0,0.1576,0.5693,-0.5267,1.22,-0.776,0.2281,-0.0995,-0.489,1.1,-0.876,0.227,-0.091,科创50沽7月2050,49.125229035471,43.793348514378,40.026575892286,10000.0,30,22
2026-06-23,2.023,10011752.SH,11004.0,3035.0,0.1925,0.587,-0.5805,1.1616,-0.784,0.224,-0.1112,-0.538,1.054,-0.904,0.226,-0.102,科创50沽7月2100,49.125229035471,43.793348514378,40.026575892286,10000.0,30,22
2026-06-23,2.023,10011773.SH,52887.0,1483.0,0.0646,0.5289,0.3452,1.2159,-0.6868,0.2112,0.0514,0.361,1.342,-0.677,0.214,0.053,科创50购7月2150,49.125229035471,43.793348514378,40.026575892286,10000.0,30,22
2026-06-23,2.023,10011774.SH,5297.0,2262.0,0.2258,0.5861,-0.6345,1.1195,-0.751,0.2155,-0.1228,-0.586,1.022,-0.893,0.222,-0.112,科创50沽7月2150,49.125229035471,43.793348514378,40.026575892286,10000.0,30,22
2026-06-23,2.023,10011777.SH,3345.0,523.0,0.373,0.6174,0.8806,0.5635,-0.4453,0.1142,0.114,1.0,0.0,-0.048,0.0,0.131,科创50购7月1650,49.125229035471,43.793348514378,40.026575892286,10000.0,30,22
2026-06-23,2.023,10011778.SH,21044.0,394.0,0.0201,0.5963,-0.1125,0.5592,-0.3944,0.1095,-0.0201,-0.106,0.509,-0.407,0.104,-0.019,科创50沽7月1650,49.125229035471,43.793348514378,40.026575892286,10000.0,30,22
2026-06-23,2.023,10011787.SH,1416.0,56.0,0.473,0.7586,0.9002,0.4031,-0.4789,0.1004,0.109,1.0,0.0,-0.045,0.0,0.123,科创50购7月1550,49.125229035471,43.793348514378,40.026575892286,10000.0,30,22
2026-06-23,2.023,10011788.SH,3126.0,600.0,0.423,0.6875,0.8912,0.4735,-0.463,0.1069,0.1117,1.0,0.0,-0.047,0.0,0.127,科创50购7月1600,49.125229035471,43.793348514378,40.026575892286,10000.0,30,22
2026-06-23,2.023,10011789.SH,17313.0,-266.0,0.01,0.6123,-0.0615,0.3461,-0.2576,0.0696,-0.0109,-0.058,0.315,-0.263,0.066,-0.01,科创50沽7月1550,49.125229035471,43.793348514378,40.026575892286,10000.0,30,22
2026-06-23,2.023,10011790.SH,20649.0,734.0,0.0147,0.6083,-0.0854,0.4482,-0.3291,0.0895,-0.0152,-0.08,0.408,-0.338,0.085,-0.014,科创50沽7月1600,49.125229035471,43.793348514378,40.026575892286,10000.0,30,22
2026-06-23,2.023,10011811.SH,757.0,68.0,0.523,0.8312,0.908,0.3466,-0.4935,0.0946,0.1062,1.0,0.0,-0.044,0.0,0.119,科创50购7月1500,49.125229035471,43.793348514378,40.026575892286,10000.0,30,22
2026-06-23,2.023,10011812.SH,24584.0,2852.0,0.0067,0.6185,-0.0433,0.2593,-0.197,0.0527,-0.0077,-0.041,0.237,-0.201,0.05,-0.007,科创50沽7月1500,49.125229035471,43.793348514378,40.026575892286,10000.0,30,22
2026-06-23,2.023,10011815.SH,28168.0,5587.0,0.052,0.5323,0.2928,1.127,-0.6443,0.197,0.0438,0.304,1.234,-0.641,0.2,0.045,科创50购7月2200,49.125229035471,43.793348514378,40.026575892286,10000.0,30,22
2026-06-23,2.023,10011816.SH,2843.0,617.0,0.2611,0.5831,-0.6858,1.0619,-0.7023,0.2034,-0.1341,-0.631,0.98,-0.869,0.215,-0.122,科创50沽7月2200,49.125229035471,43.793348514378,40.026575892286,10000.0,30,22
2026-06-23,2.023,10011825.SH,31898.0,31898.0,0.0408,0.5312,0.2437,1.0297,-0.5858,0.1797,0.0367,0.252,1.12,-0.587,0.182,0.037,科创50购7月2250,49.125229035471,43.793348514378,40.026575892286,10000.0,30,22
2026-06-23,2.023,10011826.SH,1150.0,1150.0,0.3038,0.607,-0.7215,0.9652,-0.6901,0.1924,-0.1435,-0.664,0.905,-0.878,0.208,-0.131,科创50沽7月2250,49.125229035471,43.793348514378,40.026575892286,10000.0,30,22
